mol_name;activity;potency;receptor
CHEMBL1488035;Active;5.56542045162365;R1
CHEMBL1372068;Active;6.790619047653804;R3
CHEMBL1368561;Active;5.188585873731878;R2
CHEMBL1304398;Active;5.047127677357636;R1
CHEMBL1416354;Active;5.122018536273375;R1
CHEMBL1554400;Active;5.558136048505611;R3
CHEMBL1481470;Active;4.947127222505795;R1
CHEMBL1451013;Active;5.247126024768816;R1
CHEMBL1553795;Active;5.198592859550049;R2
CHEMBL1492671;Active;6.447149345539438;R1
CHEMBL1593406;Active;5.198297943668688;R1
CHEMBL1587117;Active;5.647123166022283;R3
CHEMBL1373914;Active;5.048083160737221;R1
CHEMBL1514491;Active;4.916871995267189;R2
CHEMBL1366140;Active;5.0713251212502914;R1
CHEMBL1416417;Active;5.147126757574895;R2
CHEMBL1428196;Active;5.088586685753258;R1
CHEMBL1521694;Active;5.447125026215773;R2
CHEMBL1531257;Active;4.947127222505795;R1
CHEMBL1487369;Active;7.167810538931487;R1
CHEMBL1422597;Active;4.988586049013409;R3
CHEMBL1342119;Active;5.424592753183676;R2
CHEMBL1466028;Active;5.047127677357636;R1
CHEMBL1512098;Active;5.020497151212599;R1
CHEMBL1514738;Active;4.935588188215979;R1
CHEMBL1437035;Active;5.635711724385564;R1
CHEMBL1429722;Active;5.047127677357636;R1
CHEMBL1610065;Active;5.179788685229466;R1
CHEMBL587849;Active;5.447125026215773;R1
CHEMBL1409101;Active;5.047127677357636;R1
CHEMBL1371789;Active;5.188585873731878;R3
CHEMBL1600154;Active;5.1985276864785295;R2
CHEMBL1398137;Active;4.947127222505795;R3
CHEMBL1474284;Active;5.022924891726672;R2
CHEMBL1364048;Active;4.900942939539437;R1
CHEMBL3190400;Active;5.124594332914732;R2
CHEMBL254609;Active;5.147126757574895;R3
CHEMBL1575028;Active;4.947127222505795;R1
CHEMBL1395128;Active;5.688585232837641;R2
CHEMBL1592283;Active;4.924595393740839;R1
CHEMBL259421;Active;5.488584592791225;R2
CHEMBL1305169;Active;4.935553242672165;R1
CHEMBL374632;Active;6.447149345539438;R1
CHEMBL1552079;Active;4.975575909607726;R1
CHEMBL1362432;Active;4.955489637792234;R1
CHEMBL1541182;Active;5.547125356244051;R2
CHEMBL1603853;Active;5.547125356244051;R1
CHEMBL1438469;Active;4.947127222505795;R1
CHEMBL1591692;Active;6.000043431619808;R3
CHEMBL1442780;Active;5.364044013716728;R1
CHEMBL1554426;Active;4.955489637792234;R1
CHEMBL28;Active;5.081936445503397;R1
CHEMBL246957;Active;5.488584592791225;R1
CHEMBL3191239;Active;4.918555472970322;R2
CHEMBL1602746;Active;4.903707123426888;R1
CHEMBL1314693;Active;5.187507779053734;R2
CHEMBL1560969;Active;6.3554137164372495;R1
CHEMBL1383967;Active;5.41695716914624;R2
CHEMBL10284;Active;4.947127222505795;R3
CHEMBL1404188;Active;4.900856517592136;R3
CHEMBL1535800;Active;5.479791673114009;R1
CHEMBL1595162;Active;4.947127222505795;R3
CHEMBL1596612;Active;5.440727932192605;R1
CHEMBL1404788;Active;5.547125356244051;R3
CHEMBL1364285;Active;5.147126757574895;R2
CHEMBL1389366;Active;5.298561545535648;R2
CHEMBL1434038;Active;5.447125026215773;R3
CHEMBL1398221;Active;4.974280522861758;R1
CHEMBL1589870;Active;6.679749828113566;R1
CHEMBL1513594;Active;5.324592891343988;R2
CHEMBL1434537;Active;5.396709443120034;R1
CHEMBL1436251;Active;5.164068572821774;R2
CHEMBL1413931;Active;5.0220204649673885;R3
CHEMBL260451;Active;5.155488653643696;R1
CHEMBL1555873;Active;5.088586685753258;R3
CHEMBL1579151;Active;5.02459346862474;R1
CHEMBL1473394;Active;5.077426770652137;R1
CHEMBL149322;Active;5.047127677357636;R1
CHEMBL1402344;Active;6.774432286560529;R3
CHEMBL1321213;Active;5.047127677357636;R3
CHEMBL1314513;Active;8.170696227168975;R3
CHEMBL1583650;Active;4.947127222505795;R3
CHEMBL1590288;Active;5.324592891343988;R1
CHEMBL1508357;Active;5.024281054632738;R1
CHEMBL1331263;Active;5.047127677357636;R1
CHEMBL1532768;Active;4.947127222505795;R1
CHEMBL1516328;Active;7.087512238667676;R2
CHEMBL1444884;Active;5.388584736177106;R1
CHEMBL1314968;Active;5.081697003497148;R2
CHEMBL1492738;Active;4.947127222505795;R2
CHEMBL1475763;Active;4.992357466550231;R3
CHEMBL1400406;Active;5.122018536273375;R3
CHEMBL1570216;Active;4.947127222505795;R1
CHEMBL320247;Active;5.388584736177106;R1
CHEMBL1434798;Active;5.224593459796253;R1
CHEMBL1326401;Active;5.155488653643696;R1
CHEMBL1332306;Active;5.199657593561595;R1
CHEMBL1370549;Active;4.947127222505795;R1
CHEMBL1360702;Active;5.622020240578346;R3
CHEMBL1474836;Active;5.647123166022283;R3
CHEMBL1513469;Active;5.20064221698034;R2
CHEMBL1518629;Active;4.947127222505795;R1
CHEMBL1407292;Active;5.62685802907011;R2
CHEMBL1514097;Active;5.651286352532247;R1
CHEMBL1336277;Active;5.988598740075256;R1
CHEMBL1609743;Active;4.924437528367226;R1
CHEMBL1309497;Active;5.003610928269007;R1
CHEMBL1530319;Active;5.247126024768816;R3
CHEMBL1437726;Active;5.288585078064089;R1
CHEMBL1429330;Active;5.347125402250521;R1
CHEMBL3208365;Active;6.047134938532212;R1
CHEMBL1169388;Active;4.922923842329705;R3
CHEMBL1593616;Active;5.199657593561595;R1
CHEMBL1427465;Active;5.068554843035784;R1
CHEMBL1428659;Active;5.047127677357636;R1
CHEMBL1542791;Active;4.93084270283793;R1
CHEMBL1314438;Active;5.047127677357636;R3
CHEMBL1301287;Active;5.324592891343988;R2
CHEMBL1376919;Active;5.2640446567838906;R2
CHEMBL1396284;Active;6.127057462846019;R2
CHEMBL1403125;Active;4.955489637792234;R3
CHEMBL1460920;Active;4.947127222505795;R1
CHEMBL417799;Active;5.39852670232999;R1
CHEMBL1453741;Active;5.171722051015237;R3
CHEMBL1472904;Active;5.194200200038179;R1
CHEMBL1526991;Active;4.9727594892827565;R2
CHEMBL1604350;Active;5.0554877178718485;R1
CHEMBL1320318;Active;5.630839824939046;R3
CHEMBL198759;Active;5.747122707436239;R3
CHEMBL1576166;Active;5.924599044486103;R2
CHEMBL1401359;Active;4.951288302991045;R3
CHEMBL1331486;Active;5.147126757574895;R2
CHEMBL1416853;Active;5.224593459796253;R1
CHEMBL1541834;Active;5.081697003497148;R1
CHEMBL3193405;Active;4.933992922797872;R1
CHEMBL1501238;Active;5.347125402250521;R3
CHEMBL1440950;Active;7.168770306132936;R1
CHEMBL1473833;Active;4.95700601308484;R3
CHEMBL1412695;Active;5.347125402250521;R2
CHEMBL1470754;Active;4.947127222505795;R1
CHEMBL1397805;Active;5.637131280524111;R1
CHEMBL1516173;Active;4.994255528483469;R1
CHEMBL1545965;Active;4.96286744755023;R1
CHEMBL1594065;Active;5.324592891343988;R3
CHEMBL1337527;Active;5.7871135575371255;R1
CHEMBL1443889;Active;4.974280522861758;R3
CHEMBL1435211;Active;6.438958276283987;R1
CHEMBL406835;Active;5.647123166022283;R1
CHEMBL1490183;Active;5.078974571058985;R1
CHEMBL242383;Active;5.281697650708702;R1
CHEMBL1540682;Active;5.094855600170051;R1
CHEMBL1412891;Active;4.964046222557748;R2
CHEMBL1369899;Active;5.124594332914732;R1
CHEMBL267930;Active;5.388584736177106;R2
CHEMBL1317281;Active;4.947127222505795;R3
CHEMBL1364359;Active;5.100343619694364;R1
CHEMBL1514888;Active;4.906067268907752;R1
CHEMBL1495025;Active;4.988586049013409;R1
CHEMBL1452502;Active;4.964046222557748;R2
CHEMBL1457311;Active;4.947127222505795;R1
CHEMBL1426830;Active;4.988586049013409;R1
CHEMBL1368118;Active;4.924595393740839;R3
CHEMBL1412319;Active;5.088586685753258;R2
CHEMBL1475660;Active;5.516869344442069;R2
CHEMBL1356407;Active;4.947127222505795;R1
CHEMBL1470647;Active;5.547125356244051;R2
CHEMBL1444724;Active;4.947127222505795;R1
CHEMBL1512483;Active;4.947127222505795;R2
CHEMBL1598734;Active;4.922645420552924;R2
CHEMBL1476179;Active;4.93084270283793;R1
CHEMBL1371651;Active;5.195594754446985;R1
CHEMBL1569155;Active;5.4990914654904905;R1
CHEMBL1524331;Active;4.93713797673661;R1
CHEMBL1374746;Active;5.109178128551724;R1
CHEMBL1476419;Active;5.00322427070041;R3
CHEMBL1474489;Active;5.049532913440871;R1
CHEMBL1553674;Active;4.963293273906496;R2
CHEMBL1504324;Active;5.124594332914732;R1
CHEMBL1336940;Active;7.1496601454165205;R2
CHEMBL1513260;Active;4.940731070725647;R3
CHEMBL1331895;Active;5.447125026215773;R1
CHEMBL1484934;Active;5.347125402250521;R3
CHEMBL194594;Active;5.247126024768816;R2
CHEMBL1493857;Active;5.203706730985752;R1
CHEMBL300814;Active;5.647123166022283;R1
CHEMBL1544015;Active;6.0245911706426725;R1
CHEMBL1361775;Active;4.9368665676222765;R3
CHEMBL1402332;Active;4.902467365695533;R3
CHEMBL1402959;Active;4.997936582152842;R1
CHEMBL1357125;Active;5.196181122996305;R3
CHEMBL1410697;Active;4.949870721723471;R3
CHEMBL1358148;Active;5.298596093552444;R3
CHEMBL1367014;Active;8.397940008672037;R3
CHEMBL1600751;Active;5.803699432698929;R1
CHEMBL1378891;Active;7.989276134608227;R3
CHEMBL1476326;Active;4.900942939539437;R2
CHEMBL1553148;Active;5.057253034469894;R1
CHEMBL1401739;Active;5.999934860713038;R1
CHEMBL3198964;Active;4.947127222505795;R3
CHEMBL1604894;Active;5.224593459796253;R2
CHEMBL1553570;Active;4.950876989640085;R1
CHEMBL1582814;Active;5.945597633193432;R1
CHEMBL1563695;Active;4.9606632278243445;R1
CHEMBL225313;Active;5.190255160512539;R2
CHEMBL1368392;Active;5.388584736177106;R3
CHEMBL267160;Active;4.947127222505795;R1
CHEMBL1592201;Active;5.447125026215773;R1
CHEMBL1609759;Active;4.947127222505795;R1
CHEMBL1338749;Active;5.099305225547602;R1
CHEMBL1333339;Active;4.947127222505795;R2
CHEMBL1460824;Active;5.247126024768816;R1
CHEMBL1315271;Active;6.498803757972912;R1
CHEMBL3196464;Active;4.947127222505795;R1
CHEMBL1484528;Active;4.947127222505795;R1
CHEMBL1317846;Active;6.224608028303388;R1
CHEMBL294018;Active;4.988586049013409;R1
CHEMBL1404458;Active;5.113180858078965;R1
CHEMBL1556566;Active;4.947127222505795;R1
CHEMBL1577902;Active;5.047127677357636;R1
CHEMBL1373194;Active;5.188585873731878;R3
CHEMBL1503002;Active;4.906067268907752;R1
CHEMBL1494495;Active;5.537138004230263;R1
CHEMBL1401545;Active;5.200890446334771;R1
CHEMBL1342873;Active;4.947127222505795;R2
CHEMBL1590010;Active;4.947127222505795;R1
CHEMBL1601738;Active;5.047127677357636;R1
CHEMBL1535245;Active;4.992357466550231;R2
CHEMBL1474849;Active;7.087512238667676;R1
CHEMBL1610972;Active;5.047127677357636;R1
CHEMBL1437506;Active;5.200918036134232;R2
CHEMBL1434902;Active;4.984135398316901;R1
CHEMBL1401242;Active;4.924279720356581;R1
CHEMBL1465257;Active;4.947127222505795;R2
CHEMBL1382028;Active;5.047819243690908;R2
CHEMBL1552919;Active;5.65092655143845;R2
CHEMBL288114;Active;4.947127222505795;R1
CHEMBL1393129;Active;5.688585232837641;R1
CHEMBL578512;Active;5.537138004230263;R2
CHEMBL1440703;Active;5.2554879686056974;R2
CHEMBL1455689;Active;5.188585873731878;R1
CHEMBL1594461;Active;4.992357466550231;R1
CHEMBL1524484;Active;6.447149345539438;R2
CHEMBL1472867;Active;4.984135398316901;R1
CHEMBL1525817;Active;5.417834328450429;R1
CHEMBL1381328;Active;5.588582338460932;R3
CHEMBL1358478;Active;4.951288302991045;R3
CHEMBL1314681;Active;8.024568191490737;R3
CHEMBL1554951;Active;5.135552703211134;R1
CHEMBL1443653;Active;5.179788685229466;R3
CHEMBL1511217;Active;5.188585873731878;R1
CHEMBL1513145;Active;4.924595393740839;R1
CHEMBL1455814;Active;4.947127222505795;R2
CHEMBL601757;Active;5.724775052159783;R1
CHEMBL3195761;Active;6.255511432779489;R2
CHEMBL1523460;Active;4.924279720356581;R2
CHEMBL1343178;Active;5.247126024768816;R2
CHEMBL1395283;Active;4.947127222505795;R3
CHEMBL1374788;Active;5.474281586878732;R1
CHEMBL408563;Active;4.988586049013409;R1
CHEMBL1409241;Active;4.947127222505795;R3
CHEMBL1351433;Active;5.388584736177106;R3
CHEMBL1321958;Active;4.981699036303889;R2
CHEMBL1498728;Active;5.047127677357636;R1
CHEMBL1407870;Active;6.006222200078355;R1
CHEMBL1400508;Active;4.947127222505795;R1
CHEMBL591618;Active;5.177271972118293;R1
CHEMBL1554305;Active;5.281935870732175;R3
CHEMBL1325279;Active;5.924599044486103;R1
CHEMBL1437584;Active;5.200890446334771;R3
CHEMBL1396756;Active;6.192464971931146;R2
CHEMBL1566891;Active;5.047127677357636;R1
CHEMBL1453291;Active;4.947127222505795;R1
CHEMBL1550909;Active;5.603866063625361;R3
CHEMBL1316171;Active;4.996492077229213;R3
CHEMBL131199;Active;5.355487557206262;R3
CHEMBL1530631;Active;4.924279720356581;R1
CHEMBL261123;Active;5.188585873731878;R1
CHEMBL1394544;Active;5.199939669987479;R3
CHEMBL1491122;Active;7.355069292086412;R2
CHEMBL3207874;Active;4.947127222505795;R3
CHEMBL1449750;Active;4.947127222505795;R2
CHEMBL405317;Active;5.624592466691214;R1
CHEMBL1358452;Active;5.794254459057338;R2
CHEMBL1474341;Active;5.722642955952984;R1
CHEMBL1475164;Active;5.159820692510127;R3
CHEMBL1315978;Active;5.090855997121261;R2
CHEMBL1413108;Active;5.902612525617489;R3
CHEMBL1398454;Active;5.04897957361284;R1
CHEMBL260028;Active;5.188585873731878;R2
CHEMBL337173;Active;5.388584736177106;R1
CHEMBL2002008;Active;5.025574284280779;R2
CHEMBL1384533;Active;4.947127222505795;R2
CHEMBL1566838;Active;5.136405939254283;R1
CHEMBL1526722;Active;4.924595393740839;R1
CHEMBL1444953;Active;4.947127222505795;R1
CHEMBL1478086;Active;5.247126024768816;R1
CHEMBL1506175;Active;4.911969395625812;R1
CHEMBL1315403;Active;4.984076782012105;R1
CHEMBL1610601;Active;4.947127222505795;R2
CHEMBL1397598;Active;4.998394633540878;R3
CHEMBL1370909;Active;4.947127222505795;R2
CHEMBL1593533;Active;5.08407542359293;R3
CHEMBL429335;Active;5.147126757574895;R3
CHEMBL1557474;Active;5.147126757574895;R2
CHEMBL1551766;Active;5.003707281458679;R1
CHEMBL1608430;Active;5.488584592791225;R1
CHEMBL1511910;Active;5.200339018097685;R1
CHEMBL1597191;Active;4.993747948630635;R1
CHEMBL1417353;Active;5.015898188591848;R1
CHEMBL1479106;Active;4.947127222505795;R3
CHEMBL1355340;Active;4.988586049013409;R3
CHEMBL1370293;Active;4.947127222505795;R3
CHEMBL1331122;Active;5.247126024768816;R1
CHEMBL3192873;Active;5.007371381782742;R3
CHEMBL1516339;Active;5.947132990245819;R2
CHEMBL201325;Active;4.924595393740839;R1
CHEMBL1329768;Active;5.203706730985752;R3
CHEMBL154580;Active;4.947127222505795;R1
CHEMBL1389438;Active;5.524590338587032;R1
CHEMBL1521574;Active;5.347125402250521;R2
CHEMBL1213769;Active;4.947127222505795;R2
CHEMBL1356051;Active;6.194244348943764;R1
CHEMBL1554039;Active;4.916871995267189;R3
CHEMBL1417496;Active;4.9208730441558215;R2
CHEMBL1597594;Active;5.051287581886458;R3
CHEMBL1373256;Active;4.947127222505795;R1
CHEMBL1307970;Active;4.922020152655679;R3
CHEMBL1595747;Active;5.247126024768816;R1
CHEMBL1422296;Active;5.347125402250521;R3
CHEMBL1355268;Active;4.947127222505795;R1
CHEMBL1448;Active;5.649529075195332;R2
CHEMBL1435961;Active;5.1226440140652185;R1
CHEMBL1518159;Active;5.247126024768816;R3
CHEMBL1569103;Active;4.984076782012105;R1
CHEMBL1418013;Active;5.112122594671252;R1
CHEMBL1435396;Active;5.297130221098473;R2
CHEMBL1483180;Active;4.947127222505795;R2
CHEMBL599100;Active;5.900336620540702;R1
CHEMBL1441400;Active;5.047127677357636;R1
CHEMBL1355390;Active;4.997936582152842;R3
CHEMBL1314454;Active;5.847130945782988;R2
CHEMBL1390531;Active;4.947127222505795;R3
CHEMBL1494331;Active;4.986119754347025;R1
CHEMBL1591304;Active;5.071738605231442;R2
CHEMBL1380514;Active;4.932606427157735;R3
CHEMBL1454544;Active;4.947127222505795;R3
CHEMBL1397082;Active;5.067835831201261;R1
CHEMBL1554058;Active;5.060661741125157;R2
CHEMBL1419082;Active;5.588582338460932;R2
CHEMBL1316301;Active;5.194254537790131;R2
CHEMBL1435104;Active;4.964046222557748;R1
CHEMBL1580578;Active;5.424592753183676;R3
CHEMBL1320593;Active;5.080084213743439;R1
CHEMBL1503636;Active;4.947127222505795;R1
CHEMBL1339007;Active;4.914554811434214;R1
CHEMBL1314733;Active;7.982966660701219;R1
CHEMBL1365850;Active;4.988586049013409;R1
CHEMBL1513782;Active;7.447331783887806;R1
CHEMBL402468;Active;5.288585078064089;R1
CHEMBL1356824;Active;5.0554877178718485;R1
CHEMBL1554727;Active;4.947127222505795;R1
CHEMBL1381270;Active;4.981413913895961;R1
CHEMBL1592716;Active;5.392355572763117;R1
CHEMBL1479020;Active;4.924279720356581;R3
CHEMBL1519969;Active;5.784593787080156;R3
CHEMBL1436858;Active;4.947127222505795;R3
CHEMBL123;Active;4.93084270283793;R2
CHEMBL1457356;Active;4.947127222505795;R3
CHEMBL1436860;Active;5.288585078064089;R2
CHEMBL1370316;Active;5.535711699444102;R1
CHEMBL1437404;Active;5.787133508741057;R3
CHEMBL1398009;Active;5.598590842349934;R3
CHEMBL1451916;Active;4.964046222557748;R1
CHEMBL1569243;Active;4.947127222505795;R1
CHEMBL1402861;Active;5.097594566044192;R3
CHEMBL1452098;Active;5.847130945782988;R3
CHEMBL1356623;Active;5.288585078064089;R1
CHEMBL1590606;Active;7.753255290276159;R1
CHEMBL1234720;Active;4.947127222505795;R1
CHEMBL1501480;Active;5.188585873731878;R2
CHEMBL1473326;Active;5.659635215597932;R1
CHEMBL3198373;Active;5.047127677357636;R2
CHEMBL1364829;Active;4.966194394137625;R1
CHEMBL1551338;Active;4.924279720356581;R1
CHEMBL1442326;Active;5.347125402250521;R1
CHEMBL1590790;Active;5.375573507204143;R1
CHEMBL1440056;Active;4.947127222505795;R3
CHEMBL1537967;Active;4.947127222505795;R1
CHEMBL1512786;Active;4.981699036303889;R2
CHEMBL1374776;Active;5.155488653643696;R2
CHEMBL1437262;Active;4.974280522861758;R2
CHEMBL1366134;Active;7.747146969020107;R3
CHEMBL1315149;Active;5.588582338460932;R3
CHEMBL1454572;Active;4.900942939539437;R2
CHEMBL1369164;Active;6.449527042893436;R1
CHEMBL1495688;Active;5.377273211200836;R1
CHEMBL1564231;Active;4.93084270283793;R3
CHEMBL1364908;Active;5.322019131111933;R1
CHEMBL405914;Active;6.247106845115406;R1
CHEMBL1574027;Active;5.192356750031284;R3
CHEMBL1478339;Active;4.998708809487504;R1
CHEMBL1599062;Active;4.981699036303889;R1
CHEMBL1355559;Active;5.697593303713546;R2
CHEMBL1313979;Active;5.588582338460932;R2
CHEMBL1529092;Active;5.047127677357636;R1
CHEMBL1993627;Active;5.288585078064089;R3
CHEMBL1551039;Active;5.147126757574895;R1
CHEMBL1394829;Active;5.0554877178718485;R2
CHEMBL571087;Active;5.155488653643696;R3
CHEMBL545900;Active;5.200056682258258;R1
CHEMBL508779;Active;5.855488061296061;R1
CHEMBL13045;Active;5.0554877178718485;R3
CHEMBL1565416;Active;4.916034188707115;R2
CHEMBL1420039;Active;5.131699489729893;R1
CHEMBL1524355;Active;4.988586049013409;R1
CHEMBL1377100;Active;5.047127677357636;R2
CHEMBL1986214;Active;5.418556688126905;R1
CHEMBL1524853;Active;5.200890446334771;R2
CHEMBL1447547;Active;4.976150024831868;R1
CHEMBL1320504;Active;4.947127222505795;R1
CHEMBL1535554;Active;5.798288876857773;R2
CHEMBL712;Active;4.947127222505795;R1
CHEMBL1454661;Active;8.1249387366083;R1
CHEMBL1367795;Active;4.924595393740839;R1
CHEMBL1358301;Active;5.284076005874811;R1
CHEMBL1473513;Active;5.081697003497148;R1
CHEMBL1564109;Active;5.013587714775561;R1
CHEMBL1362424;Active;5.1226440140652185;R3
CHEMBL1499632;Active;5.02459346862474;R3
CHEMBL1591137;Active;5.164440476296206;R1
CHEMBL1416809;Active;4.908109212789872;R1
CHEMBL599307;Active;5.177269794739743;R3
CHEMBL1594868;Active;4.947127222505795;R3
CHEMBL1320917;Active;4.922645420552924;R1
CHEMBL1356530;Active;5.4678318683063;R3
CHEMBL1486063;Active;4.947127222505795;R2
CHEMBL1512184;Active;5.195594754446985;R2
CHEMBL1551155;Active;4.924595393740839;R3
CHEMBL1440123;Active;4.988586049013409;R3
CHEMBL1371865;Active;4.950199753971344;R1
CHEMBL1404446;Active;6.681727919788373;R1
CHEMBL1558843;Active;4.947127222505795;R1
CHEMBL1512219;Active;5.0554877178718485;R1
CHEMBL1323354;Active;4.988586049013409;R2
CHEMBL1554259;Active;6.82131076022441;R1
CHEMBL1441000;Active;6.390672438391103;R3
CHEMBL1405493;Active;4.93084270283793;R3
CHEMBL1492648;Active;4.955489637792234;R1
CHEMBL1317822;Active;5.355487557206262;R1
CHEMBL1362737;Active;4.947127222505795;R1
CHEMBL468167;Active;5.288585078064089;R1
CHEMBL264931;Active;5.124594332914732;R1
CHEMBL1600851;Active;5.488584592791225;R3
CHEMBL1305287;Active;5.188585873731878;R1
CHEMBL1493908;Active;5.02459346862474;R2
CHEMBL1415585;Active;5.747122707436239;R1
CHEMBL1299689;Active;5.700481805939898;R3
CHEMBL1590482;Active;5.003707281458679;R1
CHEMBL1605454;Active;5.288585078064089;R2
CHEMBL1319405;Active;5.047127677357636;R2
CHEMBL1605632;Active;5.047127677357636;R1
CHEMBL1555110;Active;7.603800652904264;R1
CHEMBL1368219;Active;4.947127222505795;R1
CHEMBL1373577;Active;5.448082614429255;R1
CHEMBL165;Active;5.057007009412877;R1
CHEMBL1475255;Active;4.947127222505795;R1
CHEMBL1500607;Active;5.844193478697308;R1
CHEMBL186526;Active;4.988586049013409;R3
CHEMBL1325362;Active;5.179788685229466;R1
CHEMBL1596472;Active;4.900942939539437;R1
CHEMBL1533443;Active;5.270759593473347;R1
CHEMBL1474273;Active;5.100483172279463;R1
CHEMBL1475630;Active;5.18169821048706;R3
CHEMBL1318943;Active;4.903707123426888;R1
CHEMBL1315924;Active;6.624244965244776;R2
CHEMBL1486922;Active;4.947127222505795;R1
CHEMBL1545556;Active;6.288572417463207;R1
CHEMBL1357513;Active;4.949533238867031;R3
CHEMBL1358788;Active;4.947127222505795;R1
CHEMBL1476431;Active;4.947127222505795;R1
CHEMBL1593118;Active;4.988586049013409;R2
CHEMBL1360011;Active;4.924595393740839;R1
CHEMBL1436597;Active;6.882066164960358;R1
CHEMBL1550087;Active;4.948560937742302;R1
CHEMBL1501676;Active;5.388584736177106;R1
CHEMBL1488499;Active;5.0554877178718485;R1
CHEMBL1477267;Active;5.479791673114009;R1
CHEMBL1563581;Active;5.724596497254596;R2
CHEMBL1513762;Active;6.010872908257506;R1
CHEMBL400777;Active;5.147126757574895;R3
CHEMBL1377307;Active;5.047127677357636;R1
CHEMBL1368212;Active;5.189824629775497;R2
CHEMBL1609218;Active;4.900683725272746;R1
CHEMBL1559088;Active;5.003707281458679;R1
CHEMBL1331514;Active;5.424592753183676;R1
CHEMBL1548093;Active;4.9604916947460005;R2
CHEMBL1598184;Active;5.074515153492165;R1
CHEMBL1366676;Active;5.10922140840523;R1
CHEMBL1480522;Active;4.981374386148478;R1
CHEMBL1997899;Active;5.224280355039982;R2
CHEMBL1357509;Active;7.1073489661227;R3
CHEMBL1214519;Active;5.247126024768816;R2
CHEMBL1478843;Active;4.900321660404437;R1
CHEMBL447876;Active;5.447125026215773;R1
CHEMBL1360143;Active;5.00621669309491;R1
CHEMBL1538370;Active;5.113292181855288;R3
CHEMBL1397191;Active;4.904846346242851;R1
CHEMBL1359746;Active;4.955489637792234;R1
CHEMBL1514773;Active;4.968425929431684;R1
CHEMBL1608194;Active;5.747122707436239;R2
CHEMBL1515192;Active;5.200256364217211;R1
CHEMBL1463808;Active;5.747122707436239;R1
CHEMBL1357586;Active;5.068554843035784;R1
CHEMBL1516303;Active;5.081697003497148;R1
CHEMBL1320414;Active;4.947127222505795;R1
CHEMBL429095;Active;6.147123710525113;R3
CHEMBL1590628;Active;5.00482127375225;R2
CHEMBL1370437;Active;5.188585873731878;R1
CHEMBL16685;Active;5.047127677357636;R1
CHEMBL1488608;Active;5.247126024768816;R1
CHEMBL1520944;Active;4.957253244715968;R1
CHEMBL284328;Active;5.488584592791225;R1
CHEMBL1494863;Active;5.222761726990468;R1
CHEMBL1438452;Active;4.988586049013409;R1
CHEMBL1582803;Active;5.247126024768816;R3
CHEMBL1514761;Active;5.517973687991095;R1
CHEMBL1381824;Active;5.047127677357636;R1
CHEMBL1495505;Active;4.947127222505795;R1
CHEMBL1394591;Active;5.422500540715646;R1
CHEMBL1516908;Active;4.93084270283793;R2
CHEMBL1453796;Active;5.188585873731878;R3
CHEMBL1418048;Active;4.981374386148478;R1
CHEMBL1549430;Active;4.947127222505795;R1
CHEMBL1593214;Active;4.949580283781376;R2
CHEMBL1366347;Active;5.335553124764586;R2
CHEMBL261693;Active;6.347125402250521;R2
CHEMBL1535988;Active;5.047127677357636;R2
CHEMBL1396497;Active;5.047295925748409;R1
CHEMBL1480826;Active;5.257842649741903;R3
CHEMBL1483381;Active;5.18169821048706;R1
CHEMBL1415527;Active;5.087712387845055;R3
CHEMBL1222385;Active;4.956200699754187;R3
CHEMBL259422;Active;6.047134938532212;R1
CHEMBL1372850;Active;5.547125356244051;R1
CHEMBL1474187;Active;5.200907689754036;R2
CHEMBL1512119;Active;5.020749906830529;R1
CHEMBL1427801;Active;4.969151429392184;R3
CHEMBL582715;Active;4.947127222505795;R2
CHEMBL1316550;Active;4.947127222505795;R3
CHEMBL227959;Active;5.0220204649673885;R3
CHEMBL1475818;Active;4.955489637792234;R1
CHEMBL1452426;Active;5.447125026215773;R2
CHEMBL1335945;Active;4.947127222505795;R3
CHEMBL1396734;Active;4.966317621425531;R1
CHEMBL3192555;Active;5.363060992712528;R1
CHEMBL1427637;Active;5.247126024768816;R1
CHEMBL602575;Active;6.824633168938651;R1
CHEMBL1561128;Active;4.947127222505795;R1
CHEMBL1424917;Active;4.947127222505795;R2
CHEMBL1410766;Active;5.247126024768816;R1
CHEMBL1495164;Active;5.043195486685579;R3
CHEMBL1459688;Active;5.347125402250521;R1
CHEMBL1516188;Active;5.503707045993957;R3
CHEMBL1473549;Active;5.047127677357636;R1
CHEMBL1381063;Active;4.967362103218468;R2
CHEMBL1416275;Active;5.578785577393848;R2
CHEMBL1522330;Active;4.992357466550231;R2
CHEMBL1435174;Active;4.997594170175891;R2
CHEMBL1421398;Active;5.147126757574895;R1
CHEMBL1452641;Active;5.047127677357636;R1
CHEMBL388757;Active;5.088586685753258;R3
CHEMBL1553227;Active;4.924279720356581;R3
CHEMBL1591887;Active;4.947127222505795;R2
CHEMBL1397745;Active;4.93084270283793;R1
CHEMBL1594042;Active;5.071547816027683;R1
CHEMBL1514527;Active;5.088586685753258;R1
CHEMBL1552070;Active;5.17027607630326;R2
CHEMBL1349500;Active;4.947127222505795;R2
CHEMBL1505809;Active;5.047127677357636;R1
CHEMBL259615;Active;6.047134938532212;R1
CHEMBL1518055;Active;4.988586049013409;R1
CHEMBL1347099;Active;5.447125026215773;R3
CHEMBL1459382;Active;5.247126024768816;R2
CHEMBL1359221;Active;6.3554629422215925;R1
CHEMBL1367325;Active;6.347125402250521;R1
CHEMBL1387610;Active;6.0885760346237054;R1
CHEMBL1437652;Active;5.203706730985752;R2
CHEMBL1438621;Active;4.947127222505795;R2
CHEMBL1347477;Active;5.588582338460932;R1
CHEMBL258805;Active;5.3840762381515255;R1
CHEMBL597744;Active;5.147126757574895;R3
CHEMBL1355824;Active;5.474598828816426;R3
CHEMBL1356139;Active;4.947127222505795;R3
CHEMBL1307919;Active;6.035551792083339;R2
CHEMBL1424065;Active;5.824589669165792;R1
CHEMBL1590820;Active;4.947127222505795;R1
CHEMBL1567220;Active;5.347125402250521;R1
CHEMBL1485765;Active;5.124594332914732;R1
CHEMBL1325702;Active;5.02459346862474;R1
CHEMBL1582610;Active;5.224593459796253;R2
CHEMBL1430370;Active;5.1371354730855545;R2
CHEMBL1455934;Active;5.122761151436331;R1
CHEMBL1592493;Active;5.947132990245819;R1
CHEMBL1310612;Active;5.438890662312392;R1
CHEMBL1414360;Active;5.088586685753258;R1
CHEMBL1379634;Active;5.093646099662844;R1
CHEMBL1613725;Active;4.947127222505795;R3
CHEMBL1483444;Active;4.988586049013409;R1
CHEMBL1331875;Active;5.424592753183676;R3
CHEMBL1424060;Active;4.947127222505795;R1
CHEMBL1497019;Active;6.0245911706426725;R1
CHEMBL1434090;Inactive;4.588587390776056;R3
CHEMBL1520905;Inactive;4.755489091260545;R1
CHEMBL1318128;Inactive;4.847127891468657;R2
CHEMBL1355454;Inactive;4.847127891468657;R3
CHEMBL1341870;Inactive;4.881698891281433;R1
CHEMBL1541000;Inactive;4.847127891468657;R2
CHEMBL1337337;Inactive;4.747128772705143;R2
CHEMBL1372212;Inactive;4.671487885599119;R1
CHEMBL1443872;Inactive;4.655488852014566;R1
CHEMBL1416488;Inactive;4.5570073243246565;R1
CHEMBL596674;Inactive;4.640730986947311;R1
CHEMBL1529419;Inactive;4.824595468883773;R1
CHEMBL1440965;Inactive;4.588587390776056;R1
CHEMBL1444885;Inactive;4.7037067513608655;R1
CHEMBL422;Inactive;4.747128772705143;R1
CHEMBL602150;Inactive;4.624595211230233;R1
CHEMBL1412828;Inactive;4.847127891468657;R1
CHEMBL1594063;Inactive;4.647127983834792;R1
CHEMBL1553514;Inactive;4.7493043813665;R3
CHEMBL601140;Inactive;4.778975454313797;R3
CHEMBL1439295;Inactive;4.847127891468657;R2
CHEMBL1319460;Inactive;4.655488852014566;R3
CHEMBL1512933;Inactive;4.724594193799996;R3
CHEMBL1393934;Inactive;4.868556179181669;R2
CHEMBL1410321;Inactive;4.655488852014566;R1
CHEMBL1417215;Inactive;4.792358452765749;R1
CHEMBL1325376;Inactive;4.624595211230233;R1
CHEMBL1433411;Inactive;4.754846513897147;R1
CHEMBL1390578;Inactive;4.547127652403668;R1
CHEMBL1552684;Inactive;4.724594193799996;R1
CHEMBL1592928;Inactive;4.624595211230233;R2
CHEMBL1365865;Inactive;4.636193790402185;R2
CHEMBL84567;Inactive;4.888587929243487;R1
CHEMBL1512720;Inactive;4.596956302527922;R2
CHEMBL1534496;Inactive;4.847127891468657;R3
CHEMBL1514025;Inactive;4.748304201840767;R1
CHEMBL1320081;Inactive;4.619150452793439;R1
CHEMBL1551249;Inactive;4.655488852014566;R3
CHEMBL1445787;Inactive;4.619150452793439;R1
CHEMBL20963;Inactive;4.7816982469708655;R1
CHEMBL1514145;Inactive;4.747128772705143;R3
CHEMBL1359129;Inactive;4.655488852014566;R1
CHEMBL530049;Inactive;4.888587929243487;R3
CHEMBL1315394;Inactive;4.724594193799996;R1
CHEMBL1394306;Inactive;4.655488852014566;R3
CHEMBL1316998;Inactive;4.724281037735874;R1
CHEMBL1535510;Inactive;4.547127652403668;R2
CHEMBL1302503;Inactive;4.647127983834792;R3
CHEMBL1397447;Inactive;4.740655828604841;R3
CHEMBL1513360;Inactive;4.5570073243246565;R3
CHEMBL1593342;Inactive;4.624595211230233;R1
CHEMBL1197859;Inactive;4.774281175272948;R3
CHEMBL1606030;Inactive;4.847127891468657;R2
CHEMBL1441357;Inactive;4.597252136301225;R2
CHEMBL1356891;Inactive;4.847127891468657;R1
CHEMBL1396285;Inactive;4.655488852014566;R3
CHEMBL1437217;Inactive;4.655488852014566;R3
CHEMBL1611710;Inactive;4.655488852014566;R2
CHEMBL1592642;Inactive;4.688587353007247;R2
CHEMBL1440291;Inactive;4.688587353007247;R3
CHEMBL1596864;Inactive;4.588587390776056;R2
CHEMBL1361793;Inactive;4.647127983834792;R3
CHEMBL1435597;Inactive;4.647127983834792;R3
CHEMBL1355145;Inactive;4.624595211230233;R1
CHEMBL1440798;Inactive;4.867363348928808;R1
CHEMBL1595342;Inactive;4.788587089490119;R3
CHEMBL1314196;Inactive;4.655488852014566;R1
CHEMBL1373567;Inactive;4.647127983834792;R2
CHEMBL1440544;Inactive;4.792358452765749;R3
CHEMBL1403150;Inactive;4.655488852014566;R3
CHEMBL1515371;Inactive;4.771323803046002;R3
CHEMBL1515210;Inactive;4.800342166067334;R3
CHEMBL1563629;Inactive;4.724594193799996;R1
CHEMBL1592292;Inactive;4.771323803046002;R2
CHEMBL34450;Inactive;4.724594193799996;R2
CHEMBL1563727;Inactive;4.624595211230233;R1
CHEMBL582473;Inactive;4.857253983086333;R1
CHEMBL1364763;Inactive;4.847127891468657;R1
CHEMBL1428456;Inactive;4.847127891468657;R1
CHEMBL600334;Inactive;4.847127891468657;R1
CHEMBL1491238;Inactive;4.757253646974632;R2
CHEMBL1355387;Inactive;4.788587089490119;R2
CHEMBL64875;Inactive;4.747128772705143;R1
CHEMBL1512533;Inactive;4.847127891468657;R1
CHEMBL1578888;Inactive;4.847127891468657;R2
CHEMBL1315325;Inactive;4.724594193799996;R1
CHEMBL1359159;Inactive;4.724594193799996;R3
CHEMBL1474937;Inactive;4.824595468883773;R1
CHEMBL1434344;Inactive;4.824280946001088;R1
CHEMBL1358898;Inactive;4.847127891468657;R1
CHEMBL1410947;Inactive;4.624595211230233;R1
CHEMBL1358237;Inactive;4.847127891468657;R1
CHEMBL1494309;Inactive;4.888587929243487;R2
CHEMBL1436148;Inactive;4.698528695906543;R3
CHEMBL1437680;Inactive;4.847127891468657;R1
CHEMBL1554153;Inactive;4.84830437232435;R1
CHEMBL1611872;Inactive;4.764279697914168;R3
CHEMBL1451617;Inactive;4.888587929243487;R1
CHEMBL1596996;Inactive;4.655488852014566;R3
CHEMBL1433850;Inactive;4.597252136301225;R1
CHEMBL1610959;Inactive;4.588587390776056;R2
CHEMBL1355543;Inactive;4.655488852014566;R1
CHEMBL1375781;Inactive;4.624595211230233;R1
CHEMBL1529030;Inactive;4.647127983834792;R3
CHEMBL1553108;Inactive;4.655488852014566;R3
CHEMBL1475348;Inactive;4.818254282200585;R1
CHEMBL1479550;Inactive;4.847127891468657;R2
CHEMBL1324882;Inactive;4.755489091260545;R3
CHEMBL1596344;Inactive;4.617407283243447;R1
CHEMBL1552666;Inactive;4.588587390776056;R2
CHEMBL1409287;Inactive;4.655488852014566;R3
CHEMBL1521403;Inactive;4.588587390776056;R1
CHEMBL1474689;Inactive;4.788587089490119;R1
CHEMBL1363355;Inactive;4.799658482501335;R2
CHEMBL1314218;Inactive;4.800163948413465;R1
CHEMBL1478719;Inactive;4.800483421230806;R1
CHEMBL1317744;Inactive;4.747128772705143;R2
CHEMBL1484911;Inactive;4.724594193799996;R2
CHEMBL1317831;Inactive;4.788587089490119;R3
CHEMBL1439033;Inactive;4.743025023960975;R1
CHEMBL1348758;Inactive;4.750908088384961;R1
CHEMBL1477057;Inactive;4.847127891468657;R1
CHEMBL1600040;Inactive;4.49712857009497;R3
CHEMBL1395020;Inactive;4.847127891468657;R1
CHEMBL1397329;Inactive;4.888587929243487;R1
CHEMBL1555890;Inactive;4.588587390776056;R1
CHEMBL1350251;Inactive;4.847127891468657;R3
CHEMBL1334574;Inactive;4.7037067513608655;R1
CHEMBL1487599;Inactive;4.6906562633211655;R1
CHEMBL1314437;Inactive;4.624595211230233;R1
CHEMBL1514008;Inactive;4.788587089490119;R1
CHEMBL1571028;Inactive;4.800961011813053;R3
CHEMBL1514379;Inactive;4.822644373527243;R1
CHEMBL1375955;Inactive;4.636193790402185;R3
CHEMBL1397459;Inactive;4.894255699946567;R3
CHEMBL1521128;Inactive;4.747128772705143;R2
CHEMBL1552177;Inactive;4.72201967408478;R1
CHEMBL1396242;Inactive;4.624595211230233;R3
CHEMBL1401757;Inactive;4.547127652403668;R1
CHEMBL1435275;Inactive;4.607253817767457;R1
CHEMBL1397496;Inactive;4.724594193799996;R1
CHEMBL1527817;Inactive;4.655488852014566;R3
CHEMBL1536103;Inactive;4.847127891468657;R3
CHEMBL1364898;Inactive;4.588587390776056;R3
CHEMBL1324886;Inactive;4.547127652403668;R1
CHEMBL1434380;Inactive;4.708940994612265;R1
CHEMBL1359760;Inactive;4.624595211230233;R1
CHEMBL1317538;Inactive;4.588587390776056;R1
CHEMBL1592755;Inactive;4.655488852014566;R2
CHEMBL1356120;Inactive;4.888587929243487;R1
CHEMBL1593449;Inactive;4.724281037735874;R3
CHEMBL1318033;Inactive;4.744044420676;R1
CHEMBL1581465;Inactive;4.888587929243487;R2
CHEMBL1316880;Inactive;4.788587089490119;R1
CHEMBL1367553;Inactive;4.862510852060289;R2
CHEMBL3198047;Inactive;4.888587929243487;R2
CHEMBL1518774;Inactive;4.881374889597506;R3
CHEMBL1328533;Inactive;4.747128772705143;R2
CHEMBL1397609;Inactive;4.847127891468657;R1
CHEMBL1365677;Inactive;4.892358212569428;R1
CHEMBL1485418;Inactive;4.894255699946567;R3
CHEMBL1395481;Inactive;4.787508762063268;R1
CHEMBL8066;Inactive;4.7037067513608655;R2
CHEMBL1414582;Inactive;4.647127983834792;R1
CHEMBL1384832;Inactive;4.594220074174556;R3
CHEMBL1398099;Inactive;4.844042829272861;R1
CHEMBL1554303;Inactive;4.612339713790645;R3
CHEMBL1553321;Inactive;4.688587353007247;R1
CHEMBL1474246;Inactive;4.588587390776056;R1
CHEMBL1324115;Inactive;4.688587353007247;R1
CHEMBL1429472;Inactive;4.888587929243487;R3
CHEMBL1314550;Inactive;4.629770117574116;R3
CHEMBL1568115;Inactive;4.547127652403668;R1
CHEMBL1314431;Inactive;4.888587929243487;R1
CHEMBL1185172;Inactive;4.854480402602671;R2
CHEMBL1475715;Inactive;4.698528695906543;R1
CHEMBL1481911;Inactive;4.588587390776056;R2
CHEMBL1436415;Inactive;4.735715340971375;R2
CHEMBL1367882;Inactive;4.724594193799996;R2
CHEMBL1476006;Inactive;4.655488852014566;R3
CHEMBL1395023;Inactive;4.747128772705143;R1
CHEMBL1435293;Inactive;4.747128772705143;R1
CHEMBL1395660;Inactive;4.846212565646863;R1
CHEMBL1355658;Inactive;4.847127891468657;R2
CHEMBL1396817;Inactive;4.716958973528436;R1
CHEMBL1531563;Inactive;4.547127652403668;R1
CHEMBL1347729;Inactive;4.547127652403668;R1
CHEMBL1472796;Inactive;4.89829759471357;R1
CHEMBL1320320;Inactive;4.524595425393767;R1
CHEMBL1356025;Inactive;4.894255699946567;R2
CHEMBL1593939;Inactive;4.669825086642655;R1
CHEMBL1472981;Inactive;4.655488852014566;R3
CHEMBL1316203;Inactive;4.749808184223198;R3
CHEMBL1322995;Inactive;4.897253093200587;R1
CHEMBL1404815;Inactive;4.588587390776056;R1
CHEMBL1371671;Inactive;4.675340359466729;R3
CHEMBL1337084;Inactive;4.894255699946567;R2
CHEMBL1590717;Inactive;4.868556179181669;R1
CHEMBL1472696;Inactive;4.849532162592811;R2
CHEMBL1435593;Inactive;4.681698703458557;R3
CHEMBL1256697;Inactive;4.588587390776056;R1
CHEMBL1493037;Inactive;4.755489091260545;R1
CHEMBL1410053;Inactive;4.7490947374242864;R1
CHEMBL1354777;Inactive;4.681698703458557;R2
CHEMBL1441136;Inactive;4.747128772705143;R1
CHEMBL1403851;Inactive;4.694463772250898;R1
CHEMBL1366697;Inactive;4.681698703458557;R3
CHEMBL1593951;Inactive;4.48268575422979;R1
CHEMBL1599649;Inactive;4.724594193799996;R2
CHEMBL1512614;Inactive;4.747128772705143;R1
CHEMBL1369611;Inactive;4.655488852014566;R1
CHEMBL1408108;Inactive;4.588587390776056;R3
CHEMBL1591505;Inactive;4.894255699946567;R1
CHEMBL1413940;Inactive;4.547127652403668;R1
CHEMBL1592962;Inactive;4.655488852014566;R1
CHEMBL1373699;Inactive;4.630843537349509;R1
CHEMBL1347923;Inactive;4.750812653031097;R1
CHEMBL1401486;Inactive;4.636193790402185;R1
CHEMBL1331074;Inactive;4.624595211230233;R1
CHEMBL1450778;Inactive;4.847127891468657;R2
CHEMBL1567510;Inactive;4.824595468883773;R1
CHEMBL1314323;Inactive;4.847127891468657;R3
CHEMBL1591968;Inactive;4.588587390776056;R2
CHEMBL1314650;Inactive;4.558584929295519;R1
CHEMBL1606585;Inactive;4.6640469048896405;R2
CHEMBL1302314;Inactive;4.888587929243487;R1
CHEMBL1416104;Inactive;4.588587390776056;R2
CHEMBL1526910;Inactive;4.888587929243487;R1
CHEMBL1519715;Inactive;4.727269812280084;R1
CHEMBL1314762;Inactive;4.847127891468657;R1
CHEMBL502109;Inactive;4.847127891468657;R1
CHEMBL1594684;Inactive;4.888587929243487;R1
CHEMBL1395734;Inactive;4.588587390776056;R3
CHEMBL1593522;Inactive;4.847127891468657;R2
CHEMBL1442050;Inactive;4.655488852014566;R1
CHEMBL271023;Inactive;4.847127891468657;R3
CHEMBL1590217;Inactive;4.5570073243246565;R3
CHEMBL1406802;Inactive;4.655488852014566;R1
CHEMBL1437275;Inactive;4.847127891468657;R1
CHEMBL1514377;Inactive;4.875340387274475;R1
CHEMBL1522810;Inactive;4.655488852014566;R1
CHEMBL1420595;Inactive;4.84987013257831;R1
CHEMBL1512694;Inactive;4.655488852014566;R2
CHEMBL3195192;Inactive;4.800755089398832;R3
CHEMBL1441600;Inactive;4.655488852014566;R1
CHEMBL1604546;Inactive;4.8037063418900665;R1
CHEMBL1437628;Inactive;4.588587390776056;R1
CHEMBL1351610;Inactive;4.847127891468657;R1
CHEMBL1512633;Inactive;4.824595468883773;R3
CHEMBL1479545;Inactive;4.588587390776056;R3
CHEMBL1493139;Inactive;4.888587929243487;R1
CHEMBL1554531;Inactive;4.655488852014566;R1
CHEMBL1490452;Inactive;4.655488852014566;R1
CHEMBL1590533;Inactive;4.864046200567364;R3
CHEMBL1472787;Inactive;4.588587390776056;R2
CHEMBL1395485;Inactive;4.847127891468657;R3
CHEMBL1332337;Inactive;4.774456830963652;R1
CHEMBL1368503;Inactive;4.588587390776056;R1
CHEMBL1343759;Inactive;4.6406559845936695;R3
CHEMBL1557378;Inactive;4.652723990201062;R3
CHEMBL1396894;Inactive;4.807254182481306;R1
CHEMBL1436006;Inactive;4.888587929243487;R1
CHEMBL1378262;Inactive;4.757253646974632;R1
CHEMBL1359288;Inactive;4.792449107024144;R2
CHEMBL590;Inactive;4.755489091260545;R2
CHEMBL1342999;Inactive;4.547127652403668;R1
CHEMBL1559064;Inactive;4.63750904301756;R3
CHEMBL1316576;Inactive;4.624595211230233;R1
CHEMBL1435966;Inactive;4.881698891281433;R2
CHEMBL1567236;Inactive;4.655488852014566;R1
CHEMBL1372039;Inactive;4.847127891468657;R3
CHEMBL1357390;Inactive;4.898858061283712;R2
CHEMBL1408060;Inactive;4.7490947374242864;R3
CHEMBL528807;Inactive;4.885783907331961;R3
CHEMBL1376258;Inactive;4.892358212569428;R1
CHEMBL1552414;Inactive;4.588587390776056;R2
CHEMBL1452645;Inactive;4.847127891468657;R1
CHEMBL1332346;Inactive;4.788587089490119;R2
CHEMBL1477136;Inactive;4.847127891468657;R1
CHEMBL1514074;Inactive;4.655488852014566;R1
CHEMBL1554336;Inactive;4.800836073899411;R1
CHEMBL1429728;Inactive;4.824595468883773;R1
CHEMBL1591541;Inactive;4.847127891468657;R2
CHEMBL1337982;Inactive;4.538587770431344;R3
CHEMBL1412549;Inactive;4.757007451214227;R2
CHEMBL411;Inactive;4.624595211230233;R3
CHEMBL1419320;Inactive;4.788587089490119;R1
CHEMBL1561222;Inactive;4.588587390776056;R1
CHEMBL1581798;Inactive;4.588587390776056;R3
CHEMBL1593674;Inactive;4.792358452765749;R1
CHEMBL1597750;Inactive;4.877174079837336;R1
CHEMBL1488285;Inactive;4.804846480922794;R1
CHEMBL1382022;Inactive;4.857253983086333;R1
CHEMBL1360117;Inactive;4.622645172847426;R1
CHEMBL1364332;Inactive;4.624595211230233;R1
CHEMBL1555040;Inactive;4.864046200567364;R1
CHEMBL1374552;Inactive;4.788587089490119;R3
CHEMBL1552826;Inactive;4.847127891468657;R1
CHEMBL1394209;Inactive;4.722762214699107;R3
CHEMBL1545888;Inactive;4.847127891468657;R3
CHEMBL323197;Inactive;4.825987706438251;R3
CHEMBL1527186;Inactive;4.898082311159577;R1
CHEMBL1709;Inactive;4.724594193799996;R2
CHEMBL1534672;Inactive;4.547127652403668;R3
CHEMBL1493507;Inactive;4.624595211230233;R2
CHEMBL1555689;Inactive;4.847127891468657;R3
CHEMBL1544962;Inactive;4.888587929243487;R1
CHEMBL1448432;Inactive;4.72201967408478;R3
CHEMBL1448090;Inactive;4.847127891468657;R1
CHEMBL1352138;Inactive;4.624595211230233;R1
CHEMBL1355287;Inactive;4.788587089490119;R1
CHEMBL1593821;Inactive;4.755489091260545;R2
CHEMBL1318220;Inactive;4.824595468883773;R1
CHEMBL1412283;Inactive;4.898529029017957;R3
CHEMBL1601672;Inactive;4.681698703458557;R3
CHEMBL1318311;Inactive;4.624595211230233;R1
CHEMBL1592274;Inactive;4.688587353007247;R2
CHEMBL1568515;Inactive;4.687138512781494;R1
CHEMBL1594052;Inactive;4.675340359466729;R1
CHEMBL1416470;Inactive;4.722762214699107;R1
CHEMBL1319015;Inactive;4.746489958952073;R1
CHEMBL1591997;Inactive;4.7678339053480325;R3
CHEMBL1595912;Inactive;4.647127983834792;R3
CHEMBL1452842;Inactive;4.655488852014566;R1
CHEMBL1344115;Inactive;4.868556179181669;R2
CHEMBL1521087;Inactive;4.669825086642655;R1
CHEMBL1377782;Inactive;4.619150452793439;R1
CHEMBL1316201;Inactive;4.619150452793439;R1
CHEMBL1357964;Inactive;4.724594193799996;R1
CHEMBL1590029;Inactive;4.755489091260545;R1
CHEMBL1496409;Inactive;4.724594193799996;R2
CHEMBL1437286;Inactive;4.5570073243246565;R1
CHEMBL1396547;Inactive;4.878786065909077;R3
CHEMBL1326499;Inactive;4.588587390776056;R1
CHEMBL1354701;Inactive;4.668555494015591;R2
CHEMBL1611819;Inactive;4.624280617065475;R2
CHEMBL1365293;Inactive;4.785887653492279;R3
CHEMBL1611559;Inactive;4.474280939683097;R3
CHEMBL1513833;Inactive;4.648304808422549;R2
CHEMBL1450023;Inactive;4.788587089490119;R1
CHEMBL1356364;Inactive;4.747128772705143;R3
CHEMBL1430185;Inactive;4.588587390776056;R2
CHEMBL1449971;Inactive;4.547127652403668;R1
CHEMBL1468103;Inactive;4.788587089490119;R1
CHEMBL1475918;Inactive;4.622645172847426;R2
CHEMBL1596463;Inactive;4.547127652403668;R2
CHEMBL1354811;Inactive;4.755489091260545;R1
CHEMBL1377117;Inactive;4.793479946162192;R1
CHEMBL1446073;Inactive;4.732386376879531;R1
CHEMBL1516203;Inactive;4.588587390776056;R1
CHEMBL1397695;Inactive;4.703225153259688;R2
CHEMBL1545294;Inactive;4.847127891468657;R1
CHEMBL1610876;Inactive;4.588587390776056;R1
CHEMBL1602956;Inactive;4.681698703458557;R3
CHEMBL1358676;Inactive;4.590657039240211;R1
CHEMBL1375336;Inactive;4.544481110012741;R1
CHEMBL1444513;Inactive;4.474280939683097;R1
CHEMBL1473514;Inactive;4.800342166067334;R3
CHEMBL1473738;Inactive;4.647127983834792;R1
CHEMBL1471358;Inactive;4.624595211230233;R1
CHEMBL1396361;Inactive;4.747128772705143;R2
CHEMBL1306822;Inactive;4.624595211230233;R1
CHEMBL1299399;Inactive;4.624595211230233;R1
CHEMBL1527661;Inactive;4.798528223505828;R1
CHEMBL1362247;Inactive;4.847127891468657;R1
CHEMBL1334550;Inactive;4.822019332926133;R1
CHEMBL1329145;Inactive;4.755489091260545;R3
CHEMBL281594;Inactive;4.588587390776056;R1
CHEMBL81;Inactive;4.647127983834792;R1
CHEMBL1613723;Inactive;4.547127652403668;R1
CHEMBL1520707;Inactive;4.676068964529073;R3
CHEMBL1413081;Inactive;4.748304201840767;R2
CHEMBL1375479;Inactive;4.655488852014566;R1
CHEMBL1554428;Inactive;4.688587353007247;R1
CHEMBL1440569;Inactive;4.724594193799996;R2
CHEMBL1513624;Inactive;4.800856665587179;R1
CHEMBL1568361;Inactive;4.624595211230233;R1
CHEMBL1514055;Inactive;4.759636739461307;R1
CHEMBL1519385;Inactive;4.590657039240211;R3
CHEMBL1435462;Inactive;4.547127652403668;R1
CHEMBL1373012;Inactive;4.792358452765749;R3
CHEMBL1435100;Inactive;4.847127891468657;R3
CHEMBL1319419;Inactive;4.847127891468657;R1
CHEMBL1528838;Inactive;4.859636536351676;R1
CHEMBL1611513;Inactive;4.547127652403668;R1
CHEMBL1435124;Inactive;4.80098572906538;R1
CHEMBL1515900;Inactive;4.624595211230233;R2
CHEMBL1585568;Inactive;4.434075478477149;R1
CHEMBL1596986;Inactive;4.84830437232435;R1
CHEMBL1474479;Inactive;4.847127891468657;R1
CHEMBL1438782;Inactive;4.881698891281433;R1
CHEMBL405358;Inactive;4.788587089490119;R2
CHEMBL1504492;Inactive;4.647127983834792;R1
CHEMBL1398376;Inactive;4.590657039240211;R1
CHEMBL1577389;Inactive;4.847127891468657;R2
CHEMBL1365045;Inactive;4.716240591118127;R3
CHEMBL1476773;Inactive;4.708543085806545;R2
CHEMBL1440562;Inactive;4.578974969739019;R1
CHEMBL1450799;Inactive;4.784075732978035;R3
CHEMBL1446849;Inactive;4.894255699946567;R1
CHEMBL1395731;Inactive;4.864046200567364;R2
CHEMBL1377888;Inactive;4.788587089490119;R1
CHEMBL1554698;Inactive;4.755489091260545;R2
CHEMBL1445407;Inactive;4.655488852014566;R1
CHEMBL1398021;Inactive;4.738959689780438;R1
CHEMBL1591901;Inactive;4.788587089490119;R2
CHEMBL1531920;Inactive;4.6864589743335126;R2
CHEMBL1357558;Inactive;4.788587089490119;R1
CHEMBL1554146;Inactive;4.547127652403668;R2
CHEMBL1475496;Inactive;4.647127983834792;R1
CHEMBL1358104;Inactive;4.7816982469708655;R2
CHEMBL1439893;Inactive;4.847127891468657;R2
CHEMBL1565756;Inactive;4.588587390776056;R3
CHEMBL1356176;Inactive;4.624595211230233;R2
CHEMBL1317352;Inactive;4.655488852014566;R1
CHEMBL1368862;Inactive;4.724594193799996;R3
CHEMBL1593003;Inactive;4.6406559845936695;R3
CHEMBL1332454;Inactive;4.893647590189951;R1
CHEMBL1491866;Inactive;4.588587390776056;R3
CHEMBL1396447;Inactive;4.800892360158973;R1
CHEMBL1554073;Inactive;4.547127652403668;R1
CHEMBL1525065;Inactive;4.588587390776056;R1
CHEMBL1315535;Inactive;4.788587089490119;R1
CHEMBL1410178;Inactive;4.655488852014566;R1
CHEMBL1475907;Inactive;4.547127652403668;R3
CHEMBL1456175;Inactive;4.518555938184939;R1
CHEMBL1317436;Inactive;4.547127652403668;R1
CHEMBL1321606;Inactive;4.824280946001088;R3
CHEMBL1435132;Inactive;4.788587089490119;R2
CHEMBL1528247;Inactive;4.888587929243487;R1
CHEMBL1540894;Inactive;4.847127891468657;R2
CHEMBL1553127;Inactive;4.7371373561934345;R1
CHEMBL1579060;Inactive;4.788587089490119;R1
CHEMBL1354327;Inactive;4.647127983834792;R3
CHEMBL1494755;Inactive;4.687138512781494;R3
CHEMBL1425743;Inactive;4.847127891468657;R1
CHEMBL1386201;Inactive;4.792449107024144;R1
CHEMBL1436909;Inactive;4.800685098014236;R1
CHEMBL1512414;Inactive;4.7384320424087365;R2
CHEMBL1315315;Inactive;4.655488852014566;R3
CHEMBL1318029;Inactive;4.818281432571927;R3
CHEMBL1334915;Inactive;4.747128772705143;R1
CHEMBL1401187;Inactive;4.892358212569428;R3
CHEMBL1315927;Inactive;4.612339713790645;R1
CHEMBL1552887;Inactive;4.888587929243487;R3
CHEMBL1481309;Inactive;4.847127891468657;R3
CHEMBL1554239;Inactive;4.788587089490119;R3
CHEMBL1424069;Inactive;4.647127983834792;R1
CHEMBL1395582;Inactive;4.687714012978663;R1
CHEMBL1552496;Inactive;4.709251802055534;R3
CHEMBL1395184;Inactive;4.592358166788082;R3
CHEMBL1515988;Inactive;4.655488852014566;R1
CHEMBL1519175;Inactive;4.647127983834792;R1
CHEMBL1473454;Inactive;4.724594193799996;R3
CHEMBL1317848;Inactive;4.725340383967291;R1
CHEMBL1393941;Inactive;4.847127891468657;R3
CHEMBL1481656;Inactive;4.688587353007247;R1
CHEMBL1358873;Inactive;4.647127983834792;R2
CHEMBL1608009;Inactive;4.888587929243487;R1
CHEMBL1468661;Inactive;4.538587770431344;R1
CHEMBL1434397;Inactive;4.790255834945765;R2
CHEMBL1398497;Inactive;4.824595468883773;R1
CHEMBL1397914;Inactive;4.747128772705143;R1
CHEMBL1409574;Inactive;4.624595211230233;R3
CHEMBL1477769;Inactive;4.847127891468657;R1
CHEMBL1328466;Inactive;4.688587353007247;R1
CHEMBL1338236;Inactive;4.624595211230233;R1
CHEMBL1354569;Inactive;4.824595468883773;R3
CHEMBL1551354;Inactive;4.864046200567364;R1
CHEMBL1520142;Inactive;4.624595211230233;R1
CHEMBL1314527;Inactive;4.757253646974632;R2
CHEMBL1208903;Inactive;4.655488852014566;R1
CHEMBL1515135;Inactive;4.547127652403668;R3
CHEMBL1512687;Inactive;4.847127891468657;R3
CHEMBL1435458;Inactive;4.89377056095328;R3
CHEMBL1449069;Inactive;4.888587929243487;R1
CHEMBL1595237;Inactive;4.647127983834792;R3
CHEMBL1373857;Inactive;4.624595211230233;R1
CHEMBL1439324;Inactive;4.847127891468657;R3
CHEMBL1397822;Inactive;4.847127891468657;R1
CHEMBL1593952;Inactive;4.588587390776056;R1
CHEMBL1475327;Inactive;4.636193790402185;R3
CHEMBL1606755;Inactive;4.655488852014566;R2
CHEMBL237253;Inactive;4.847127891468657;R1
CHEMBL1514681;Inactive;4.864046200567364;R1
CHEMBL1557195;Inactive;4.590657039240211;R2
CHEMBL1599945;Inactive;4.604822183775067;R2
CHEMBL1515860;Inactive;4.624595211230233;R1
CHEMBL1601695;Inactive;4.647127983834792;R1
CHEMBL1403565;Inactive;4.748304201840767;R3
CHEMBL1327646;Inactive;4.759636739461307;R1
CHEMBL1573345;Inactive;4.588587390776056;R1
CHEMBL1437358;Inactive;4.747128772705143;R2
CHEMBL1494088;Inactive;4.888587929243487;R3
CHEMBL1476111;Inactive;4.588587390776056;R3
CHEMBL1592972;Inactive;4.647127983834792;R1
CHEMBL1554253;Inactive;4.893647590189951;R1
CHEMBL1592575;Inactive;4.655488852014566;R1
CHEMBL1320149;Inactive;4.847127891468657;R2
CHEMBL104;Inactive;4.755489091260545;R1
CHEMBL416288;Inactive;4.74729620756751;R1
CHEMBL1433456;Inactive;4.818555174543158;R2
CHEMBL1515169;Inactive;4.847127891468657;R1
CHEMBL1482864;Inactive;4.575698898973097;R2
CHEMBL1593678;Inactive;4.847127891468657;R1
CHEMBL1410491;Inactive;4.724594193799996;R2
CHEMBL1524793;Inactive;4.647127983834792;R1
CHEMBL1553242;Inactive;4.568555818382787;R2
CHEMBL1591332;Inactive;4.681698703458557;R3
CHEMBL1465414;Inactive;4.8554896181331;R1
CHEMBL3208361;Inactive;4.724594193799996;R3
CHEMBL1417812;Inactive;4.847127891468657;R1
CHEMBL1572957;Inactive;4.588587390776056;R1
CHEMBL2007403;Inactive;4.892358212569428;R3
CHEMBL1372884;Inactive;4.624595211230233;R1
CHEMBL281350;Inactive;4.842039567148111;R1
CHEMBL1330251;Inactive;4.747128772705143;R3
CHEMBL1398263;Inactive;4.755489091260545;R3
CHEMBL1370448;Inactive;4.847127891468657;R1
CHEMBL1440334;Inactive;4.6906562633211655;R1
CHEMBL1515830;Inactive;4.887713463779716;R1
CHEMBL1516189;Inactive;4.72201967408478;R1
CHEMBL1596442;Inactive;4.624595211230233;R2
CHEMBL1552385;Inactive;4.80096787757537;R3
CHEMBL1341192;Inactive;4.847127891468657;R3
CHEMBL1445772;Inactive;4.688587353007247;R1
